{"name":"f6800db2-ead6-428c-88d3-44846833524d","id":"/providers/Microsoft.Flow/flows/f6800db2-ead6-428c-88d3-44846833524d","type":"Microsoft.Flow/flows","properties":{"apiId":"/providers/Microsoft.PowerApps/apis/shared_logicflows","displayName":"Send email with all requests","definition":{"metadata":{"workflowEntityId":null,"processAdvisorMetadata":null,"flowChargedByPaygo":null,"flowclientsuspensionreason":"None","flowclientsuspensiontime":null,"flowclientsuspensionreasondetails":null,"creator":{"id":"37e0ace1-5fd9-415c-9672-6f83f7f0038b","type":"User","tenantId":"43f17005-69bc-4faa-aba9-7a5370df44d9"},"provisioningMethod":"FromDefinition","failureAlertSubscription":true,"clientLastModifiedTime":"2025-08-08T07:27:33.1722971Z","connectionKeySavedTimeKey":"2025-08-08T07:27:33.1722971Z","creationSource":"Portal","modifiedSources":"Portal"},"$schema":"https://schema.management.azure.com/providers/Microsoft.Logic/schemas/2016-06-01/workflowdefinition.json#","contentVersion":"undefined","parameters":{"$authentication":{"defaultValue":{},"type":"SecureObject"},"$connections":{"defaultValue":{},"type":"Object"}},"triggers":{"Recurrence":{"recurrence":{"frequency":"Week","interval":"1","startTime":"2025-08-11T02:00:00.000Z","schedule":{"weekDays":["Sunday","Tuesday","Wednesday","Thursday","Friday","Saturday"]}},"type":"Recurrence"}},"actions":{"Get_items":{"runAfter":{},"type":"OpenApiConnection","inputs":{"parameters":{"dataset":"https://cepinmorg.sharepoint.com/sites/Sharepoint_Training-NewCookieLaunch","table":"a216f3cb-478d-4666-8162-737324c5e6fd"},"host":{"apiId":"/providers/Microsoft.PowerApps/apis/shared_sharepointonline","connectionName":"shared_sharepointonline","operationId":"GetItems"},"authentication":"@parameters('$authentication')"}},"Create_HTML_table":{"runAfter":{"Get_items":["Succeeded"]},"type":"Table","inputs":{"from":"@outputs('Get_items')?['body/value']","format":"HTML","columns":[{"header":"Title","value":"@item()?['Title']"},{"header":"Description","value":"@item()?['Description']"},{"header":"Reqeuster","value":"@item()?['Requester/Email']"}]}},"Compose":{"runAfter":{"Create_HTML_table":["Succeeded"]},"type":"Compose","inputs":"<style>\ntable {\n  border: 1px solid #1C6EA4;\n  background-color: #EEEEEE;\n  width: 75%;\n  text-align: center;\n  border-collapse: collapse;\n}\ntable td, table th {\n  border: 1px solid #AAAAAA;\n  padding: 3px 2px;\n}\ntable tbody td {\n  font-size: 13px;\n}\ntable thead {\n  background: #1C6EA4;\n  border-bottom: 2px solid #444444;\n}\ntable thead th {\n  font-size: 15px;\n  font-weight: bold;\n  color: #FFFFFF;\n  border-left: 2px solid #D0E4F5;\n}\ntable thead th:first-child {\n  border-left: none;\n}\n</style>\n\n@{body('Create_HTML_table')}"},"Send_an_email_(V2)":{"runAfter":{"Compose":["Succeeded"]},"type":"OpenApiConnection","inputs":{"parameters":{"emailMessage/To":"jamilmendez1016@gmail.com","emailMessage/Subject":"Table of all weekly Device Request","emailMessage/Body":"<p class=\"editor-paragraph\">@{outputs('Compose')}</p>","emailMessage/Importance":"Normal"},"host":{"apiId":"/providers/Microsoft.PowerApps/apis/shared_office365","connectionName":"shared_office365","operationId":"SendEmailV2"},"authentication":"@parameters('$authentication')"}}}},"connectionReferences":{"shared_sharepointonline":{"connectionName":"shared-sharepointonl-f366cb29-dc22-42ac-9f0e-b45ed7ee5eca","source":"Embedded","id":"/providers/Microsoft.PowerApps/apis/shared_sharepointonline","tier":"NotSpecified","apiName":"sharepointonline","isProcessSimpleApiReferenceConversionAlreadyDone":false},"shared_office365":{"connectionName":"shared-office365-b9c5e032-707a-49c9-a53a-f4294c247312","source":"Embedded","id":"/providers/Microsoft.PowerApps/apis/shared_office365","tier":"NotSpecified","apiName":"office365","isProcessSimpleApiReferenceConversionAlreadyDone":false}},"flowFailureAlertSubscribed":false,"isManaged":false}}