{"name":"5f462630-5f81-4a66-b7d8-f647a89f4424","id":"/providers/Microsoft.Flow/flows/5f462630-5f81-4a66-b7d8-f647a89f4424","type":"Microsoft.Flow/flows","properties":{"apiId":"/providers/Microsoft.PowerApps/apis/shared_logicflows","displayName":"New Device Request with Approval","definition":{"metadata":{"workflowEntityId":null,"processAdvisorMetadata":null,"flowChargedByPaygo":null,"flowclientsuspensionreason":"None","flowclientsuspensiontime":null,"flowclientsuspensionreasondetails":null,"creator":{"id":"37e0ace1-5fd9-415c-9672-6f83f7f0038b","type":"User","tenantId":"43f17005-69bc-4faa-aba9-7a5370df44d9"},"provisioningMethod":"FromDefinition","failureAlertSubscription":true,"clientLastModifiedTime":"2025-08-08T05:06:32.7028542Z","connectionKeySavedTimeKey":"2025-08-08T05:06:32.7028542Z","creationSource":"Portal","modifiedSources":"Portal"},"$schema":"https://schema.management.azure.com/providers/Microsoft.Logic/schemas/2016-06-01/workflowdefinition.json#","contentVersion":"1.0.0.0","parameters":{"$authentication":{"defaultValue":{},"type":"SecureObject"},"$connections":{"defaultValue":{},"type":"Object"}},"triggers":{"When_an_item_is_created":{"recurrence":{"frequency":"Minute","interval":1},"splitOn":"@triggerOutputs()?['body/value']","type":"OpenApiConnection","inputs":{"parameters":{"dataset":"https://cepinmorg.sharepoint.com/sites/Sharepoint_Training-NewCookieLaunch","table":"a216f3cb-478d-4666-8162-737324c5e6fd"},"host":{"apiId":"/providers/Microsoft.PowerApps/apis/shared_sharepointonline","connectionName":"shared_sharepointonline","operationId":"GetOnNewItems"},"authentication":"@parameters('$authentication')"}}},"actions":{"Send_an_email_(V2)":{"runAfter":{},"type":"OpenApiConnection","inputs":{"parameters":{"emailMessage/To":"@triggerBody()?['Requester/Email']","emailMessage/Subject":"Device Request Submitted","emailMessage/Body":"<p class=\"editor-paragraph\">Hi @{triggerBody()?['Requester/DisplayName']},</p><br><p class=\"editor-paragraph\">We recieve your request for:</p><br><p class=\"editor-paragraph\">Device: @{triggerBody()?['Title']}</p><p class=\"editor-paragraph\">Description: @{triggerBody()?['Description']}</p><p class=\"editor-paragraph\">Priority: @{triggerBody()?['Priority/Value']}</p><p class=\"editor-paragraph\">Estimated Cost: @{formatNumber(triggerBody()?['EstimatedCost'],'C2')}</p>","emailMessage/Importance":"Normal"},"host":{"apiId":"/providers/Microsoft.PowerApps/apis/shared_office365","connectionName":"shared_office365","operationId":"SendEmailV2"},"authentication":"@parameters('$authentication')"}},"Condition_-_check_if_more_than_200":{"actions":{"Send_email_with_options":{"runAfter":{"Get_manager_(V2)":["Succeeded"]},"type":"OpenApiConnectionWebhook","inputs":{"parameters":{"optionsEmailSubscription/Message/To":"office6111@copi.vip","optionsEmailSubscription/Message/HeaderText":"Please see details below","optionsEmailSubscription/Message/SelectionText":"Make selection text","optionsEmailSubscription/Message/Body":"Please review the details and make a selection to approved or not.\n\nDevice: @{triggerBody()?['Title']}\nDescription: @{triggerBody()?['Description']}\nPriority: @{triggerBody()?['Priority/Value']}\nEstimated Cost: @{formatNumber(triggerBody()?['EstimatedCost'],'C2')}\n","optionsEmailSubscription/Message/Subject":"New device request waiting for approval","optionsEmailSubscription/Message/Options":"Approved,Reject"},"host":{"apiId":"/providers/Microsoft.PowerApps/apis/shared_office365","connectionName":"shared_office365","operationId":"SendMailWithOptions"},"authentication":"@parameters('$authentication')"}},"Get_manager_(V2)":{"type":"OpenApiConnection","inputs":{"parameters":{"id":"@triggerBody()?['Requester/Email']"},"host":{"apiId":"/providers/Microsoft.PowerApps/apis/shared_office365users","connectionName":"shared_office365users","operationId":"Manager_V2"},"authentication":"@parameters('$authentication')"}},"Condition_-_check_manager_selection":{"actions":{"Update_item_-_Approved":{"type":"OpenApiConnection","inputs":{"parameters":{"dataset":"https://cepinmorg.sharepoint.com/sites/Sharepoint_Training-NewCookieLaunch","table":"a216f3cb-478d-4666-8162-737324c5e6fd","id":"@triggerBody()?['ID']","item/Title":"@triggerBody()?['Title']","item/Approved_x003f_":true},"host":{"apiId":"/providers/Microsoft.PowerApps/apis/shared_sharepointonline","connectionName":"shared_sharepointonline","operationId":"PatchItem"},"authentication":"@parameters('$authentication')"}},"Send_an_email_-_Notification_to_Requester_(Approved)":{"runAfter":{"Update_item_-_Approved":["Succeeded"]},"type":"OpenApiConnection","inputs":{"parameters":{"emailMessage/To":"@outputs('Update_item_-_Approved')?['body/Requester/Email']","emailMessage/Subject":"New Device Request has beeen Approved","emailMessage/Body":"<p class=\"editor-paragraph\">The request for New Device is approved.</p><br><p class=\"editor-paragraph\">Device: @{triggerBody()?['Title']}<br>Description: @{triggerBody()?['Description']}<br>Priority: @{triggerBody()?['Priority/Value']}<br>Estimated Cost: @{formatNumber(triggerBody()?['EstimatedCost'],'C2')}</p>","emailMessage/Importance":"Normal"},"host":{"apiId":"/providers/Microsoft.PowerApps/apis/shared_office365","connectionName":"shared_office365","operationId":"SendEmailV2"},"authentication":"@parameters('$authentication')"}}},"runAfter":{"Send_email_with_options":["Succeeded"]},"else":{"actions":{"Update_item_-_Rejected":{"type":"OpenApiConnection","inputs":{"parameters":{"dataset":"https://cepinmorg.sharepoint.com/sites/Sharepoint_Training-NewCookieLaunch","table":"a216f3cb-478d-4666-8162-737324c5e6fd","id":"@triggerBody()?['ID']","item/Title":"@triggerBody()?['Title']","item/Approved_x003f_":false},"host":{"apiId":"/providers/Microsoft.PowerApps/apis/shared_sharepointonline","connectionName":"shared_sharepointonline","operationId":"PatchItem"},"authentication":"@parameters('$authentication')"}},"Send_an_email_-_Notification_ot_Requeste_(Rejected)":{"runAfter":{"Update_item_-_Rejected":["Succeeded"]},"type":"OpenApiConnection","inputs":{"parameters":{"emailMessage/To":"@outputs('Update_item_-_Rejected')?['body/Requester/Email']","emailMessage/Subject":"New Device Request has beeen Rejected","emailMessage/Body":"<p class=\"editor-paragraph\">The request for New Device is rejected.<br><br>Device: @{triggerBody()?['Title']}<br>Description: @{triggerBody()?['Description']}<br>Priority: @{triggerBody()?['Priority/Value']}<br>Estimated Cost: @{formatNumber(triggerBody()?['EstimatedCost'],'C2')}</p>","emailMessage/Importance":"Normal"},"host":{"apiId":"/providers/Microsoft.PowerApps/apis/shared_office365","connectionName":"shared_office365","operationId":"SendEmailV2"},"authentication":"@parameters('$authentication')"}}}},"expression":{"and":[{"equals":["@outputs('Send_email_with_options')?['body/SelectedOption']","Approved"]}]},"type":"If"}},"runAfter":{"Send_an_email_(V2)":["Succeeded"]},"else":{"actions":{"Send_an_email_-_Less_than_200":{"type":"OpenApiConnection","inputs":{"parameters":{"emailMessage/To":"@triggerBody()?['Requester/Email']","emailMessage/Subject":"New Device Request","emailMessage/Body":"<br><p class=\"editor-paragraph\">New device has been requested</p><br><p class=\"editor-paragraph\">Device: @{triggerBody()?['Title']}<br>Description: @{triggerBody()?['Description']}<br>Priority: @{triggerBody()?['Priority/Value']}<br>Estimated Cost: @{formatNumber(triggerBody()?['EstimatedCost'],'C2')}</p>","emailMessage/Importance":"Normal"},"host":{"apiId":"/providers/Microsoft.PowerApps/apis/shared_office365","connectionName":"shared_office365","operationId":"SendEmailV2"},"authentication":"@parameters('$authentication')"}}}},"expression":{"and":[{"greater":["@triggerBody()?['EstimatedCost']",200]}]},"type":"If"}},"outputs":{}},"connectionReferences":{"shared_sharepointonline":{"connectionName":"shared-sharepointonl-f366cb29-dc22-42ac-9f0e-b45ed7ee5eca","source":"Embedded","id":"/providers/Microsoft.PowerApps/apis/shared_sharepointonline","tier":"NotSpecified","apiName":"sharepointonline","isProcessSimpleApiReferenceConversionAlreadyDone":false},"shared_office365":{"connectionName":"shared-office365-b9c5e032-707a-49c9-a53a-f4294c247312","source":"Embedded","id":"/providers/Microsoft.PowerApps/apis/shared_office365","tier":"NotSpecified","apiName":"office365","isProcessSimpleApiReferenceConversionAlreadyDone":false},"shared_office365users":{"connectionName":"shared-office365user-447bdb39-19e7-4eb8-a9cb-17afdb7016bc","source":"Embedded","id":"/providers/Microsoft.PowerApps/apis/shared_office365users","tier":"NotSpecified","apiName":"office365users","isProcessSimpleApiReferenceConversionAlreadyDone":false}},"flowFailureAlertSubscribed":false,"isManaged":false}}